condition,bit_index,message_A,message_B,decoded,matches_A,matches_B
A_only,0,0,1,0,1,0
A_only,1,0,1,0,1,0
A_only,2,0,1,0,1,0
A_only,3,0,1,0,1,0
A_only,4,0,1,0,1,0
A_only,5,0,1,0,1,0
A_only,6,1,0,1,1,0
A_only,7,1,0,1,1,0
A_only,8,0,1,0,1,0
A_only,9,0,1,0,1,0
A_only,10,0,1,0,1,0
A_only,11,0,1,0,1,0
A_only,12,1,0,1,1,0
A_only,13,0,1,0,1,0
A_only,14,0,1,0,1,0
A_only,15,1,0,1,1,0
A_only,16,0,1,0,1,0
A_only,17,1,0,1,1,0
A_only,18,1,0,1,1,0
A_only,19,1,0,1,1,0
A_only,20,1,0,1,1,0
A_only,21,0,1,0,1,0
A_only,22,0,1,0,1,0
A_only,23,0,1,0,1,0
A_only,24,1,0,1,1,0
A_only,25,1,0,1,1,0
A_only,26,0,1,0,1,0
A_only,27,1,0,1,1,0
A_only,28,1,0,1,1,0
A_only,29,0,1,0,1,0
A_only,30,1,0,1,1,0
A_only,31,1,0,1,1,0
A_only,32,1,0,1,1,0
A_only,33,0,1,0,1,0
A_only,34,0,1,0,1,0
A_only,35,1,0,1,1,0
A_only,36,1,0,1,1,0
A_only,37,1,0,1,1,0
A_only,38,1,0,1,1,0
A_only,39,1,0,1,1,0
A_only,40,0,1,0,1,0
A_only,41,1,0,1,1,0
A_only,42,0,1,0,1,0
A_only,43,0,1,0,1,0
A_only,44,0,1,0,1,0
A_only,45,0,1,0,1,0
A_only,46,0,1,0,1,0
A_only,47,1,0,1,1,0
A_only,48,1,0,1,1,0
A_only,49,1,0,1,1,0
A_only,50,1,0,1,1,0
A_only,51,0,1,0,1,0
A_only,52,0,1,0,1,0
A_only,53,1,0,1,1,0
A_only,54,0,1,0,1,0
A_only,55,1,0,1,1,0
A_only,56,1,0,1,1,0
A_only,57,1,0,1,1,0
A_only,58,1,0,1,1,0
A_only,59,0,1,0,1,0
A_only,60,0,1,0,1,0
A_only,61,1,0,1,1,0
A_only,62,1,0,1,1,0
A_only,63,1,0,1,1,0
A_only,64,0,1,0,1,0
A_only,65,0,1,0,1,0
A_only,66,0,1,0,1,0
A_only,67,1,0,1,1,0
A_only,68,0,1,0,1,0
A_only,69,0,1,0,1,0
A_only,70,1,0,1,1,0
A_only,71,0,1,0,1,0
A_only,72,1,0,1,1,0
A_only,73,0,1,0,1,0
A_only,74,0,1,0,1,0
A_only,75,0,1,0,1,0
A_only,76,1,0,1,1,0
A_only,77,1,0,1,1,0
A_only,78,1,0,1,1,0
A_only,79,1,0,1,1,0
A_only,80,1,0,1,1,0
A_only,81,0,1,0,1,0
A_only,82,1,0,1,1,0
A_only,83,0,1,0,1,0
A_only,84,0,1,0,1,0
A_only,85,1,0,1,1,0
A_only,86,0,1,0,1,0
A_only,87,0,1,0,1,0
A_only,88,1,0,1,1,0
A_only,89,0,1,0,1,0
A_only,90,0,1,0,1,0
A_only,91,1,0,1,1,0
A_only,92,1,0,1,1,0
A_only,93,0,1,0,1,0
A_only,94,0,1,0,1,0
A_only,95,0,1,0,1,0
B_only,0,0,1,1,0,1
B_only,1,0,1,1,0,1
B_only,2,0,1,1,0,1
B_only,3,0,1,1,0,1
B_only,4,0,1,1,0,1
B_only,5,0,1,1,0,1
B_only,6,1,0,0,0,1
B_only,7,1,0,0,0,1
B_only,8,0,1,1,0,1
B_only,9,0,1,1,0,1
B_only,10,0,1,1,0,1
B_only,11,0,1,1,0,1
B_only,12,1,0,0,0,1
B_only,13,0,1,1,0,1
B_only,14,0,1,1,0,1
B_only,15,1,0,0,0,1
B_only,16,0,1,1,0,1
B_only,17,1,0,0,0,1
B_only,18,1,0,0,0,1
B_only,19,1,0,0,0,1
B_only,20,1,0,0,0,1
B_only,21,0,1,1,0,1
B_only,22,0,1,1,0,1
B_only,23,0,1,1,0,1
B_only,24,1,0,0,0,1
B_only,25,1,0,0,0,1
B_only,26,0,1,1,0,1
B_only,27,1,0,0,0,1
B_only,28,1,0,0,0,1
B_only,29,0,1,1,0,1
B_only,30,1,0,0,0,1
B_only,31,1,0,0,0,1
B_only,32,1,0,0,0,1
B_only,33,0,1,1,0,1
B_only,34,0,1,1,0,1
B_only,35,1,0,0,0,1
B_only,36,1,0,0,0,1
B_only,37,1,0,0,0,1
B_only,38,1,0,0,0,1
B_only,39,1,0,0,0,1
B_only,40,0,1,1,0,1
B_only,41,1,0,0,0,1
B_only,42,0,1,1,0,1
B_only,43,0,1,1,0,1
B_only,44,0,1,1,0,1
B_only,45,0,1,1,0,1
B_only,46,0,1,1,0,1
B_only,47,1,0,0,0,1
B_only,48,1,0,0,0,1
B_only,49,1,0,0,0,1
B_only,50,1,0,0,0,1
B_only,51,0,1,1,0,1
B_only,52,0,1,1,0,1
B_only,53,1,0,0,0,1
B_only,54,0,1,1,0,1
B_only,55,1,0,0,0,1
B_only,56,1,0,0,0,1
B_only,57,1,0,0,0,1
B_only,58,1,0,0,0,1
B_only,59,0,1,1,0,1
B_only,60,0,1,1,0,1
B_only,61,1,0,0,0,1
B_only,62,1,0,0,0,1
B_only,63,1,0,0,0,1
B_only,64,0,1,1,0,1
B_only,65,0,1,1,0,1
B_only,66,0,1,1,0,1
B_only,67,1,0,0,0,1
B_only,68,0,1,1,0,1
B_only,69,0,1,1,0,1
B_only,70,1,0,0,0,1
B_only,71,0,1,1,0,1
B_only,72,1,0,0,0,1
B_only,73,0,1,1,0,1
B_only,74,0,1,1,0,1
B_only,75,0,1,1,0,1
B_only,76,1,0,0,0,1
B_only,77,1,0,0,0,1
B_only,78,1,0,0,0,1
B_only,79,1,0,0,0,1
B_only,80,1,0,0,0,1
B_only,81,0,1,1,0,1
B_only,82,1,0,0,0,1
B_only,83,0,1,1,0,1
B_only,84,0,1,1,0,1
B_only,85,1,0,0,0,1
B_only,86,0,1,1,0,1
B_only,87,0,1,1,0,1
B_only,88,1,0,0,0,1
B_only,89,0,1,1,0,1
B_only,90,0,1,1,0,1
B_only,91,1,0,0,0,1
B_only,92,1,0,0,0,1
B_only,93,0,1,1,0,1
B_only,94,0,1,1,0,1
B_only,95,0,1,1,0,1
A_transcode,0,0,1,0,1,0
A_transcode,1,0,1,0,1,0
A_transcode,2,0,1,0,1,0
A_transcode,3,0,1,0,1,0
A_transcode,4,0,1,0,1,0
A_transcode,5,0,1,0,1,0
A_transcode,6,1,0,1,1,0
A_transcode,7,1,0,1,1,0
A_transcode,8,0,1,0,1,0
A_transcode,9,0,1,0,1,0
A_transcode,10,0,1,0,1,0
A_transcode,11,0,1,0,1,0
A_transcode,12,1,0,1,1,0
A_transcode,13,0,1,0,1,0
A_transcode,14,0,1,0,1,0
A_transcode,15,1,0,1,1,0
A_transcode,16,0,1,0,1,0
A_transcode,17,1,0,1,1,0
A_transcode,18,1,0,1,1,0
A_transcode,19,1,0,1,1,0
A_transcode,20,1,0,1,1,0
A_transcode,21,0,1,0,1,0
A_transcode,22,0,1,0,1,0
A_transcode,23,0,1,0,1,0
A_transcode,24,1,0,1,1,0
A_transcode,25,1,0,1,1,0
A_transcode,26,0,1,0,1,0
A_transcode,27,1,0,1,1,0
A_transcode,28,1,0,1,1,0
A_transcode,29,0,1,0,1,0
A_transcode,30,1,0,1,1,0
A_transcode,31,1,0,1,1,0
A_transcode,32,1,0,1,1,0
A_transcode,33,0,1,0,1,0
A_transcode,34,0,1,0,1,0
A_transcode,35,1,0,1,1,0
A_transcode,36,1,0,1,1,0
A_transcode,37,1,0,1,1,0
A_transcode,38,1,0,1,1,0
A_transcode,39,1,0,1,1,0
A_transcode,40,0,1,0,1,0
A_transcode,41,1,0,1,1,0
A_transcode,42,0,1,0,1,0
A_transcode,43,0,1,0,1,0
A_transcode,44,0,1,0,1,0
A_transcode,45,0,1,0,1,0
A_transcode,46,0,1,0,1,0
A_transcode,47,1,0,1,1,0
A_transcode,48,1,0,1,1,0
A_transcode,49,1,0,1,1,0
A_transcode,50,1,0,1,1,0
A_transcode,51,0,1,0,1,0
A_transcode,52,0,1,0,1,0
A_transcode,53,1,0,1,1,0
A_transcode,54,0,1,0,1,0
A_transcode,55,1,0,1,1,0
A_transcode,56,1,0,1,1,0
A_transcode,57,1,0,1,1,0
A_transcode,58,1,0,1,1,0
A_transcode,59,0,1,0,1,0
A_transcode,60,0,1,0,1,0
A_transcode,61,1,0,1,1,0
A_transcode,62,1,0,1,1,0
A_transcode,63,1,0,1,1,0
A_transcode,64,0,1,0,1,0
A_transcode,65,0,1,0,1,0
A_transcode,66,0,1,0,1,0
A_transcode,67,1,0,1,1,0
A_transcode,68,0,1,0,1,0
A_transcode,69,0,1,0,1,0
A_transcode,70,1,0,1,1,0
A_transcode,71,0,1,0,1,0
A_transcode,72,1,0,1,1,0
A_transcode,73,0,1,0,1,0
A_transcode,74,0,1,0,1,0
A_transcode,75,0,1,0,1,0
A_transcode,76,1,0,1,1,0
A_transcode,77,1,0,1,1,0
A_transcode,78,1,0,1,1,0
A_transcode,79,1,0,1,1,0
A_transcode,80,1,0,1,1,0
A_transcode,81,0,1,0,1,0
A_transcode,82,1,0,1,1,0
A_transcode,83,0,1,0,1,0
A_transcode,84,0,1,0,1,0
A_transcode,85,1,0,1,1,0
A_transcode,86,0,1,0,1,0
A_transcode,87,0,1,0,1,0
A_transcode,88,1,0,1,1,0
A_transcode,89,0,1,0,1,0
A_transcode,90,0,1,0,1,0
A_transcode,91,1,0,1,1,0
A_transcode,92,1,0,1,1,0
A_transcode,93,0,1,0,1,0
A_transcode,94,0,1,0,1,0
A_transcode,95,0,1,0,1,0
A_then_A,0,0,1,0,1,0
A_then_A,1,0,1,0,1,0
A_then_A,2,0,1,0,1,0
A_then_A,3,0,1,0,1,0
A_then_A,4,0,1,0,1,0
A_then_A,5,0,1,0,1,0
A_then_A,6,1,0,1,1,0
A_then_A,7,1,0,1,1,0
A_then_A,8,0,1,0,1,0
A_then_A,9,0,1,0,1,0
A_then_A,10,0,1,0,1,0
A_then_A,11,0,1,0,1,0
A_then_A,12,1,0,1,1,0
A_then_A,13,0,1,0,1,0
A_then_A,14,0,1,0,1,0
A_then_A,15,1,0,1,1,0
A_then_A,16,0,1,0,1,0
A_then_A,17,1,0,1,1,0
A_then_A,18,1,0,1,1,0
A_then_A,19,1,0,1,1,0
A_then_A,20,1,0,1,1,0
A_then_A,21,0,1,0,1,0
A_then_A,22,0,1,0,1,0
A_then_A,23,0,1,0,1,0
A_then_A,24,1,0,1,1,0
A_then_A,25,1,0,1,1,0
A_then_A,26,0,1,0,1,0
A_then_A,27,1,0,1,1,0
A_then_A,28,1,0,1,1,0
A_then_A,29,0,1,0,1,0
A_then_A,30,1,0,1,1,0
A_then_A,31,1,0,1,1,0
A_then_A,32,1,0,1,1,0
A_then_A,33,0,1,0,1,0
A_then_A,34,0,1,0,1,0
A_then_A,35,1,0,1,1,0
A_then_A,36,1,0,1,1,0
A_then_A,37,1,0,1,1,0
A_then_A,38,1,0,1,1,0
A_then_A,39,1,0,1,1,0
A_then_A,40,0,1,0,1,0
A_then_A,41,1,0,1,1,0
A_then_A,42,0,1,0,1,0
A_then_A,43,0,1,0,1,0
A_then_A,44,0,1,0,1,0
A_then_A,45,0,1,0,1,0
A_then_A,46,0,1,0,1,0
A_then_A,47,1,0,1,1,0
A_then_A,48,1,0,1,1,0
A_then_A,49,1,0,1,1,0
A_then_A,50,1,0,1,1,0
A_then_A,51,0,1,0,1,0
A_then_A,52,0,1,0,1,0
A_then_A,53,1,0,1,1,0
A_then_A,54,0,1,0,1,0
A_then_A,55,1,0,1,1,0
A_then_A,56,1,0,1,1,0
A_then_A,57,1,0,1,1,0
A_then_A,58,1,0,1,1,0
A_then_A,59,0,1,0,1,0
A_then_A,60,0,1,0,1,0
A_then_A,61,1,0,1,1,0
A_then_A,62,1,0,1,1,0
A_then_A,63,1,0,1,1,0
A_then_A,64,0,1,0,1,0
A_then_A,65,0,1,0,1,0
A_then_A,66,0,1,0,1,0
A_then_A,67,1,0,1,1,0
A_then_A,68,0,1,0,1,0
A_then_A,69,0,1,0,1,0
A_then_A,70,1,0,1,1,0
A_then_A,71,0,1,0,1,0
A_then_A,72,1,0,1,1,0
A_then_A,73,0,1,0,1,0
A_then_A,74,0,1,0,1,0
A_then_A,75,0,1,0,1,0
A_then_A,76,1,0,1,1,0
A_then_A,77,1,0,1,1,0
A_then_A,78,1,0,1,1,0
A_then_A,79,1,0,1,1,0
A_then_A,80,1,0,1,1,0
A_then_A,81,0,1,0,1,0
A_then_A,82,1,0,1,1,0
A_then_A,83,0,1,0,1,0
A_then_A,84,0,1,0,1,0
A_then_A,85,1,0,1,1,0
A_then_A,86,0,1,0,1,0
A_then_A,87,0,1,0,1,0
A_then_A,88,1,0,1,1,0
A_then_A,89,0,1,0,1,0
A_then_A,90,0,1,0,1,0
A_then_A,91,1,0,1,1,0
A_then_A,92,1,0,1,1,0
A_then_A,93,0,1,0,1,0
A_then_A,94,0,1,0,1,0
A_then_A,95,0,1,0,1,0
A_then_B,0,0,1,1,0,1
A_then_B,1,0,1,1,0,1
A_then_B,2,0,1,1,0,1
A_then_B,3,0,1,1,0,1
A_then_B,4,0,1,0,1,0
A_then_B,5,0,1,1,0,1
A_then_B,6,1,0,0,0,1
A_then_B,7,1,0,0,0,1
A_then_B,8,0,1,1,0,1
A_then_B,9,0,1,1,0,1
A_then_B,10,0,1,1,0,1
A_then_B,11,0,1,1,0,1
A_then_B,12,1,0,1,1,0
A_then_B,13,0,1,1,0,1
A_then_B,14,0,1,0,1,0
A_then_B,15,1,0,0,0,1
A_then_B,16,0,1,1,0,1
A_then_B,17,1,0,0,0,1
A_then_B,18,1,0,0,0,1
A_then_B,19,1,0,1,1,0
A_then_B,20,1,0,0,0,1
A_then_B,21,0,1,0,1,0
A_then_B,22,0,1,1,0,1
A_then_B,23,0,1,1,0,1
A_then_B,24,1,0,0,0,1
A_then_B,25,1,0,0,0,1
A_then_B,26,0,1,1,0,1
A_then_B,27,1,0,0,0,1
A_then_B,28,1,0,0,0,1
A_then_B,29,0,1,1,0,1
A_then_B,30,1,0,1,1,0
A_then_B,31,1,0,0,0,1
A_then_B,32,1,0,0,0,1
A_then_B,33,0,1,1,0,1
A_then_B,34,0,1,1,0,1
A_then_B,35,1,0,0,0,1
A_then_B,36,1,0,1,1,0
A_then_B,37,1,0,0,0,1
A_then_B,38,1,0,0,0,1
A_then_B,39,1,0,0,0,1
A_then_B,40,0,1,0,1,0
A_then_B,41,1,0,1,1,0
A_then_B,42,0,1,0,1,0
A_then_B,43,0,1,1,0,1
A_then_B,44,0,1,1,0,1
A_then_B,45,0,1,1,0,1
A_then_B,46,0,1,1,0,1
A_then_B,47,1,0,0,0,1
A_then_B,48,1,0,0,0,1
A_then_B,49,1,0,1,1,0
A_then_B,50,1,0,0,0,1
A_then_B,51,0,1,1,0,1
A_then_B,52,0,1,0,1,0
A_then_B,53,1,0,1,1,0
A_then_B,54,0,1,0,1,0
A_then_B,55,1,0,0,0,1
A_then_B,56,1,0,0,0,1
A_then_B,57,1,0,0,0,1
A_then_B,58,1,0,1,1,0
A_then_B,59,0,1,1,0,1
A_then_B,60,0,1,1,0,1
A_then_B,61,1,0,0,0,1
A_then_B,62,1,0,1,1,0
A_then_B,63,1,0,0,0,1
A_then_B,64,0,1,0,1,0
A_then_B,65,0,1,1,0,1
A_then_B,66,0,1,1,0,1
A_then_B,67,1,0,0,0,1
A_then_B,68,0,1,1,0,1
A_then_B,69,0,1,1,0,1
A_then_B,70,1,0,0,0,1
A_then_B,71,0,1,1,0,1
A_then_B,72,1,0,1,1,0
A_then_B,73,0,1,1,0,1
A_then_B,74,0,1,0,1,0
A_then_B,75,0,1,0,1,0
A_then_B,76,1,0,0,0,1
A_then_B,77,1,0,0,0,1
A_then_B,78,1,0,0,0,1
A_then_B,79,1,0,0,0,1
A_then_B,80,1,0,0,0,1
A_then_B,81,0,1,1,0,1
A_then_B,82,1,0,0,0,1
A_then_B,83,0,1,1,0,1
A_then_B,84,0,1,0,1,0
A_then_B,85,1,0,1,1,0
A_then_B,86,0,1,1,0,1
A_then_B,87,0,1,1,0,1
A_then_B,88,1,0,0,0,1
A_then_B,89,0,1,1,0,1
A_then_B,90,0,1,1,0,1
A_then_B,91,1,0,1,1,0
A_then_B,92,1,0,1,1,0
A_then_B,93,0,1,0,1,0
A_then_B,94,0,1,1,0,1
A_then_B,95,0,1,0,1,0
B_then_A,0,0,1,1,0,1
B_then_A,1,0,1,0,1,0
B_then_A,2,0,1,0,1,0
B_then_A,3,0,1,1,0,1
B_then_A,4,0,1,0,1,0
B_then_A,5,0,1,0,1,0
B_then_A,6,1,0,1,1,0
B_then_A,7,1,0,0,0,1
B_then_A,8,0,1,1,0,1
B_then_A,9,0,1,0,1,0
B_then_A,10,0,1,1,0,1
B_then_A,11,0,1,0,1,0
B_then_A,12,1,0,1,1,0
B_then_A,13,0,1,0,1,0
B_then_A,14,0,1,1,0,1
B_then_A,15,1,0,0,0,1
B_then_A,16,0,1,1,0,1
B_then_A,17,1,0,0,0,1
B_then_A,18,1,0,1,1,0
B_then_A,19,1,0,1,1,0
B_then_A,20,1,0,1,1,0
B_then_A,21,0,1,0,1,0
B_then_A,22,0,1,0,1,0
B_then_A,23,0,1,1,0,1
B_then_A,24,1,0,1,1,0
B_then_A,25,1,0,1,1,0
B_then_A,26,0,1,0,1,0
B_then_A,27,1,0,1,1,0
B_then_A,28,1,0,1,1,0
B_then_A,29,0,1,0,1,0
B_then_A,30,1,0,1,1,0
B_then_A,31,1,0,1,1,0
B_then_A,32,1,0,1,1,0
B_then_A,33,0,1,0,1,0
B_then_A,34,0,1,0,1,0
B_then_A,35,1,0,1,1,0
B_then_A,36,1,0,1,1,0
B_then_A,37,1,0,1,1,0
B_then_A,38,1,0,1,1,0
B_then_A,39,1,0,1,1,0
B_then_A,40,0,1,0,1,0
B_then_A,41,1,0,0,0,1
B_then_A,42,0,1,0,1,0
B_then_A,43,0,1,1,0,1
B_then_A,44,0,1,1,0,1
B_then_A,45,0,1,0,1,0
B_then_A,46,0,1,0,1,0
B_then_A,47,1,0,0,0,1
B_then_A,48,1,0,1,1,0
B_then_A,49,1,0,0,0,1
B_then_A,50,1,0,1,1,0
B_then_A,51,0,1,0,1,0
B_then_A,52,0,1,0,1,0
B_then_A,53,1,0,1,1,0
B_then_A,54,0,1,1,0,1
B_then_A,55,1,0,1,1,0
B_then_A,56,1,0,0,0,1
B_then_A,57,1,0,0,0,1
B_then_A,58,1,0,1,1,0
B_then_A,59,0,1,0,1,0
B_then_A,60,0,1,0,1,0
B_then_A,61,1,0,0,0,1
B_then_A,62,1,0,1,1,0
B_then_A,63,1,0,1,1,0
B_then_A,64,0,1,0,1,0
B_then_A,65,0,1,0,1,0
B_then_A,66,0,1,0,1,0
B_then_A,67,1,0,1,1,0
B_then_A,68,0,1,0,1,0
B_then_A,69,0,1,0,1,0
B_then_A,70,1,0,0,0,1
B_then_A,71,0,1,0,1,0
B_then_A,72,1,0,1,1,0
B_then_A,73,0,1,0,1,0
B_then_A,74,0,1,0,1,0
B_then_A,75,0,1,0,1,0
B_then_A,76,1,0,1,1,0
B_then_A,77,1,0,1,1,0
B_then_A,78,1,0,1,1,0
B_then_A,79,1,0,1,1,0
B_then_A,80,1,0,1,1,0
B_then_A,81,0,1,1,0,1
B_then_A,82,1,0,1,1,0
B_then_A,83,0,1,1,0,1
B_then_A,84,0,1,0,1,0
B_then_A,85,1,0,1,1,0
B_then_A,86,0,1,0,1,0
B_then_A,87,0,1,0,1,0
B_then_A,88,1,0,1,1,0
B_then_A,89,0,1,0,1,0
B_then_A,90,0,1,0,1,0
B_then_A,91,1,0,1,1,0
B_then_A,92,1,0,1,1,0
B_then_A,93,0,1,0,1,0
B_then_A,94,0,1,1,0,1
B_then_A,95,0,1,1,0,1
